Quarterly	O
Results	O
,	O
Annual	O
Reports	O
,	O
SEC	O
Filings	O
,	O
Charter	O
Operating	O
Financials	O
,	O
Analyst	O
Coverage	O
,	O
Contact	O
Charter	O
,	O
Thomas	PERSON
M.	PERSON
Rutledge	PERSON
,	O
Chairman	TITLE
and	O
Chief	TITLE
Executive	TITLE
Officer	TITLE
,	O
Thomas	PERSON
M.	PERSON
Rutledge	PERSON
,	O
Chairman	TITLE
and	O
Chief	TITLE
Executive	TITLE
Officer	TITLE
,	O
Thomas	PERSON
M.	PERSON
Rutledge	PERSON
was	O
appointed	O
as	O
a	O
director	TITLE
and	O
President	TITLE
and	O
Chief	TITLE
Executive	TITLE
Officer	TITLE
of	O
Charter	O
effective	O
on	O
February	O
13	O
,	O
2012	O
and	O
as	O
Chairman	TITLE
of	TITLE
the	TITLE
Board	TITLE
on	O
May	O
18	O
,	O
2016	O
upon	O
the	O
closing	O
of	O
the	O
transactions	O
with	O
Time	O
Warner	O
Cable	O
and	O
Bright	O
House	O
Networks	O
.	O
Prior	O
to	O
joining	O
Charter	O
,	O
Mr.	O
Rutledge	O
served	O
as	O
Chief	TITLE
Operating	TITLE
Officer	TITLE
of	O
Cablevision	O
from	O
April	O
2004	O
until	O
December	O
2011	O
.	O
A	O
34-year	O
cable	O
industry	O
veteran	O
,	O
Mr.	O
Rutledge	O
previously	O
served	O
as	O
president	O
of	O
Time	O
Warner	O
...	O
Thomas	PERSON
M.	PERSON
Rutledge	PERSON
,	O
Chairman	TITLE
and	O
Chief	TITLE
Executive	TITLE
Officer	TITLE
,	O
Thomas	PERSON
M.	PERSON
Rutledge	PERSON
was	O
appointed	O
as	O
a	O
director	TITLE
and	O
President	TITLE
and	O
Chief	TITLE
Executive	TITLE
Officer	TITLE
of	O
Charter	O
effective	O
on	O
February	O
13	O
,	O
2012	O
and	O
as	O
Chairman	TITLE
of	TITLE
the	TITLE
Board	TITLE
on	O
May	O
18	O
,	O
2016	O
upon	O
the	O
closing	O
of	O
the	O
transactions	O
with	O
Time	O
Warner	O
Cable	O
and	O
Bright	O
House	O
Networks	O
.	O
Prior	O
to	O
joining	O
Charter	O
,	O
Mr.	O
Rutledge	O
served	O
as	O
Chief	TITLE
Operating	TITLE
Officer	TITLE
of	O
Cablevision	O
from	O
April	O
2004	O
until	O
December	O
2011	O
.	O
A	O
34-year	O
cable	O
industry	O
veteran	O
,	O
Mr.	O
Rutledge	O
previously	O
served	O
as	O
president	O
of	O
Time	O
Warner	O
...	O
,	O
John	PERSON
Bickham	PERSON
,	O
President	TITLE
and	O
Chief	TITLE
Operating	TITLE
Officer	TITLE
,	O
John	PERSON
Bickham	PERSON
,	O
President	TITLE
and	O
Chief	TITLE
Operating	TITLE
Officer	TITLE
,	O
John	PERSON
Bickham	PERSON
joined	O
Charter	O
as	O
Chief	TITLE
Operating	TITLE
Officer	TITLE
on	O
April	O
30	O
,	O
2012.	O
,	O
A	O
26-year	O
veteran	O
of	O
the	O
cable	O
industry	O
,	O
Mr.	O
Bickham	O
previously	O
served	O
as	O
President	TITLE
of	O
Cable	O
and	O
Communications	O
for	O
Cablevision	O
.	O
Prior	O
to	O
joining	O
Cablevision	O
in	O
2004	O
,	O
Mr.	O
Bickham	O
was	O
Executive	TITLE
Vice	TITLE
President	TITLE
for	O
Time	O
Warner	O
Cable	O
with	O
corporate	O
responsibility	O
for	O
a	O
number	O
of	O
large	O
markets	O
.	O
In	O
1986	O
,	O
Mr.	O
Bickham	O
was	O
a	O
founding	O
executive	O
of	O
KBLCOM	O
,	O
a	O
cable	O
company	O
that	O
partnered	O
with	O
American	O
Television	O
...	O
John	PERSON
Bickham	PERSON
,	O
President	TITLE
and	O
Chief	TITLE
Operating	TITLE
Officer	TITLE
,	O
John	PERSON
Bickham	PERSON
joined	O
Charter	O
as	O
Chief	TITLE
Operating	TITLE
Officer	TITLE
on	O
April	O
30	O
,	O
2012.	O
,	O
A	O
26-year	O
veteran	O
of	O
the	O
cable	O
industry	O
,	O
Mr.	O
Bickham	O
previously	O
served	O
as	O
President	TITLE
of	O
Cable	O
and	O
Communications	O
for	O
Cablevision	O
.	O
Prior	O
to	O
joining	O
Cablevision	O
in	O
2004	O
,	O
Mr.	O
Bickham	O
was	O
Executive	TITLE
Vice	TITLE
President	TITLE
for	O
Time	O
Warner	O
Cable	O
with	O
corporate	O
responsibility	O
for	O
a	O
number	O
of	O
large	O
markets	O
.	O
In	O
1986	O
,	O
Mr.	O
Bickham	O
was	O
a	O
founding	O
executive	O
of	O
KBLCOM	O
,	O
a	O
cable	O
company	O
that	O
partnered	O
with	O
American	O
Television	O
...	O
,	O
David	PERSON
G.	PERSON
Ellen	PERSON
,	O
Senior	TITLE
Executive	TITLE
Vice	TITLE
President	TITLE
,	O
David	PERSON
G.	PERSON
Ellen	PERSON
,	O
Senior	TITLE
Executive	TITLE
Vice	TITLE
President	TITLE
,	O
David	PERSON
G.	PERSON
Ellen	PERSON
,	O
Senior	TITLE
Executive	TITLE
Vice	TITLE
President	TITLE
,	O
Tom	PERSON
Adams	PERSON
,	O
Executive	TITLE
Vice	TITLE
President	TITLE
,	O
Field	DEPARTMENT
Operations	DEPARTMENT
,	O
Tom	PERSON
Adams	PERSON
,	O
Executive	TITLE
Vice	TITLE
President	TITLE
,	O
Field	DEPARTMENT
Operations	DEPARTMENT
,	O
Tom	PERSON
Adams	PERSON
joined	O
Charter	O
as	O
Executive	TITLE
Vice	TITLE
President	TITLE
,	O
Field	DEPARTMENT
Operations	DEPARTMENT
,	O
on	O
October	O
1	O
,	O
2012.	O
,	O
Before	O
joining	O
Charter	O
,	O
Mr.	O
Adams	O
served	O
as	O
Regional	O
Vice	TITLE
President	TITLE
of	O
Operations	O
for	O
Wisconsin	O
at	O
Time	O
Warner	O
Cable	O
from	O
2009	O
to	O
2012	O
.	O
Prior	O
to	O
that	O
,	O
Mr.	O
Adams	O
served	O
as	O
Regional	O
Vice	TITLE
President	TITLE
of	O
Operations	O
for	O
Eastern	O
Carolina	O
from	O
2007	O
to	O
2009	O
and	O
Division	O
President	TITLE
for	O
Raleigh	O
,	O
North	O
Carolina	O
from	O
2002	O
to	O
2007	O
at	O
Time	O
Warner	O
Cable.	O
,	O
...	O
Tom	PERSON
Adams	PERSON
,	O
Executive	TITLE
Vice	TITLE
President	TITLE
,	O
Field	DEPARTMENT
Operations	DEPARTMENT
,	O
Tom	PERSON
Adams	PERSON
joined	O
Charter	O
as	O
Executive	TITLE
Vice	TITLE
President	TITLE
,	O
Field	DEPARTMENT
Operations	DEPARTMENT
,	O
on	O
October	O
1	O
,	O
2012.	O
,	O
Before	O
joining	O
Charter	O
,	O
Mr.	O
Adams	O
served	O
as	O
Regional	O
Vice	TITLE
President	TITLE
of	O
Operations	O
for	O
Wisconsin	O
at	O
Time	O
Warner	O
Cable	O
from	O
2009	O
to	O
2012	O
.	O
Prior	O
to	O
that	O
,	O
Mr.	O
Adams	O
served	O
as	O
Regional	O
Vice	TITLE
President	TITLE
of	O
Operations	O
for	O
Eastern	O
Carolina	O
from	O
2007	O
to	O
2009	O
and	O
Division	O
President	TITLE
for	O
Raleigh	O
,	O
North	O
Carolina	O
from	O
2002	O
to	O
2007	O
at	O
Time	O
Warner	O
Cable.	O
,	O
...	O
,	O
James	PERSON
Blackley	PERSON
,	O
Executive	TITLE
Vice	TITLE
President	TITLE
,	O
Engineering	DEPARTMENT
and	DEPARTMENT
Information	DEPARTMENT
Technology	DEPARTMENT
,	O
James	PERSON
Blackley	PERSON
,	O
Executive	TITLE
Vice	TITLE
President	TITLE
,	O
Engineering	DEPARTMENT
and	DEPARTMENT
Information	DEPARTMENT
Technology	DEPARTMENT
,	O
James	PERSON
Blackley	PERSON
joined	O
Charter	O
as	O
Executive	TITLE
Vice	TITLE
President	TITLE
,	O
Engineering	DEPARTMENT
and	DEPARTMENT
Information	DEPARTMENT
Technology	DEPARTMENT
,	O
on	O
October	O
15	O
,	O
2012	O
.	O
,	O
Prior	O
to	O
joining	O
Charter	O
,	O
Mr.	O
Blackley	O
served	O
as	O
Executive	TITLE
Vice	TITLE
President	TITLE
,	O
Corporate	O
Engineering	O
and	O
Technology	O
for	O
Cablevision	O
where	O
he	O
was	O
employed	O
from	O
1996	O
to	O
2012	O
.	O
Prior	O
to	O
Cablevision	O
,	O
Mr.	O
Blackley	O
designed	O
software	O
and	O
systems	O
with	O
evolving	O
development	O
and	O
technology	O
with	O
Royal	O
Insurance	O
,	O
Depository	O
Trust	O
Company	O
,	O
Long	O
Island	O
Lighting	O
Company	O
,	O
Con	O
E.	O
.	O
.	O
James	PERSON
Blackley	PERSON
,	O
Executive	TITLE
Vice	TITLE
President	TITLE
,	O
Engineering	DEPARTMENT
and	DEPARTMENT
Information	DEPARTMENT
Technology	DEPARTMENT
,	O
James	PERSON
Blackley	PERSON
joined	O
Charter	O
as	O
Executive	TITLE
Vice	TITLE
President	TITLE
,	O
Engineering	DEPARTMENT
and	DEPARTMENT
Information	DEPARTMENT
Technology	DEPARTMENT
on	O
October	O
15	O
,	O
2012	O
.	O
,	O
Prior	O
to	O
joining	O
Charter	O
,	O
Mr.	O
Blackley	O
served	O
as	O
Executive	TITLE
Vice	TITLE
President	TITLE
,	O
Corporate	O
Engineering	O
and	O
Technology	O
for	O
Cablevision	O
where	O
he	O
was	O
employed	O
from	O
1996	O
to	O
2012	O
.	O
Prior	O
to	O
Cablevision	O
,	O
Mr.	O
Blackley	O
designed	O
software	O
and	O
systems	O
with	O
evolving	O
development	O
and	O
technology	O
with	O
Royal	O
Insurance	O
,	O
Depository	O
Trust	O
Company	O
,	O
Long	O
Island	O
Lighting	O
Company	O
,	O
Con	O
E.	O
.	O
.	O
,	O
Catherine	PERSON
Bohigian	PERSON
,	O
Executive	TITLE
Vice	TITLE
President	TITLE
,	O
Government	DEPARTMENT
Affairs	DEPARTMENT
,	O
Catherine	PERSON
Bohigian	PERSON
,	O
Executive	TITLE
Vice	TITLE
President	TITLE
,	O
Government	DEPARTMENT
Affairs	DEPARTMENT
,	O
Catherine	PERSON
Bohigian	PERSON
joined	O
Charter	O
as	O
Executive	TITLE
Vice	TITLE
President	TITLE
,	O
Government	DEPARTMENT
Affairs	DEPARTMENT
,	O
on	O
July	O
8	O
,	O
2013	O
.	O
,	O
Prior	O
to	O
joining	O
Charter	O
,	O
Ms.	O
Bohigian	O
served	O
as	O
Senior	TITLE
Vice	TITLE
President	TITLE
,	O
Federal	O
Affairs	O
for	O
Cablevision	O
,	O
where	O
she	O
was	O
employed	O
from	O
September	O
2008	O
through	O
June	O
2013	O
.	O
Prior	O
to	O
Cablevision	O
from	O
September	O
2001	O
to	O
September	O
2008	O
,	O
Ms.	O
Bohigian	O
worked	O
for	O
the	O
Federal	O
Communications	O
Commission	O
-LRB-	O
``	O
FCC	O
''	O
-RRB-	O
in	O
various	O
capacities	O
,	O
including	O
Senior	O
Advisor	O
to	O
then-Ch	O
...	O
Catherine	PERSON
Bohigian	PERSON
,	O
Executive	TITLE
Vice	TITLE
President	TITLE
,	O
Government	DEPARTMENT
Affairs	DEPARTMENT
,	O
Catherine	PERSON
Bohigian	PERSON
joined	O
Charter	O
as	O
Executive	TITLE
Vice	TITLE
President	TITLE
,	O
Government	DEPARTMENT
Affairs	DEPARTMENT
on	O
July	O
8	O
,	O
2013	O
.	O
,	O
Prior	O
to	O
joining	O
Charter	O
,	O
Ms.	O
Bohigian	O
served	O
as	O
Senior	TITLE
Vice	TITLE
President	TITLE
,	O
Federal	O
Affairs	O
for	O
Cablevision	O
,	O
where	O
she	O
was	O
employed	O
from	O
September	O
2008	O
through	O
June	O
2013	O
.	O
Prior	O
to	O
Cablevision	O
from	O
September	O
2001	O
to	O
September	O
2008	O
,	O
Ms.	O
Bohigian	O
worked	O
for	O
the	O
Federal	O
Communications	O
Commission	O
-LRB-	O
``	O
FCC	O
''	O
-RRB-	O
in	O
various	O
capacities	O
,	O
including	O
Senior	O
Advisor	O
to	O
then-Ch	O
...	O
,	O
Philip	PERSON
G.	PERSON
Meeks	PERSON
,	O
Executive	TITLE
Vice	TITLE
President	TITLE
,	O
President	TITLE
of	O
Spectrum	DEPARTMENT
Business	DEPARTMENT
Enterprise	DEPARTMENT
,	O
Philip	PERSON
G.	PERSON
Meeks	PERSON
,	O
Executive	TITLE
Vice	TITLE
President	TITLE
,	O
President	TITLE
of	O
Spectrum	DEPARTMENT
Business	DEPARTMENT
Enterprise	DEPARTMENT
,	O
Philip	PERSON
G.	PERSON
Meeks	PERSON
is	O
Executive	TITLE
Vice	TITLE
President	TITLE
and	O
President	TITLE
of	O
Spectrum	DEPARTMENT
Business	DEPARTMENT
Enterprise	DEPARTMENT
at	O
Charter	O
Communications	O
.	O
In	O
his	O
role	O
,	O
Mr.	O
Meeks	O
oversees	O
all	O
commercial	O
operations	O
,	O
marketing	O
and	O
strategy	O
and	O
sales	O
for	O
Spectrum	DEPARTMENT
Business	DEPARTMENT
Enterprise	DEPARTMENT
,	O
which	O
provides	O
enterprise-grade	O
Internet	O
,	O
networking	O
,	O
voice	O
,	O
commercial	O
video	O
and	O
managed	O
services	O
to	O
Charter	O
's	O
largest	O
customers	O
.	O
,	O
He	O
previously	O
served	O
as	O
Executive	TITLE
Vice	TITLE
President	TITLE
and	O
Chief	TITLE
Operating	TITLE
Officer	TITLE
for	O
Business	O
Services	O
at	O
T.	O
.	O
.	O
Philip	PERSON
G.	PERSON
Meeks	PERSON
,	O
Executive	TITLE
Vice	TITLE
President	TITLE
,	O
President	TITLE
of	O
Spectrum	DEPARTMENT
Business	DEPARTMENT
Enterprise	DEPARTMENT
,	O
Philip	PERSON
G.	PERSON
Meeks	PERSON
is	O
Executive	TITLE
Vice	TITLE
President	TITLE
and	O
President	TITLE
of	O
Spectrum	DEPARTMENT
Business	DEPARTMENT
Enterprise	DEPARTMENT
at	O
Charter	O
Communications	O
.	O
In	O
his	O
role	O
,	O
Mr.	O
Meeks	O
oversees	O
all	O
commercial	O
operations	O
,	O
marketing	O
and	O
strategy	O
and	O
sales	O
for	O
Spectrum	DEPARTMENT
Business	DEPARTMENT
Enterprise	DEPARTMENT
,	O
which	O
provides	O
enterprise-grade	O
Internet	O
,	O
networking	O
,	O
voice	O
,	O
commercial	O
video	O
and	O
managed	O
services	O
to	O
Charter	O
's	O
largest	O
customers	O
.	O
,	O
He	O
previously	O
served	O
as	O
Executive	TITLE
Vice	TITLE
President	TITLE
and	O
Chief	TITLE
Operating	TITLE
Officer	TITLE
for	O
Business	O
Services	O
at	O
T.	O
.	O
.	O
,	O
Richard	PERSON
J.	PERSON
DiGeronimo	PERSON
,	O
Executive	TITLE
Vice	TITLE
President	TITLE
,	O
Product	DEPARTMENT
and	DEPARTMENT
Strategy	DEPARTMENT
,	O
Richard	PERSON
J.	PERSON
DiGeronimo	PERSON
,	O
Executive	TITLE
Vice	TITLE
President	TITLE
,	O
Product	DEPARTMENT
and	DEPARTMENT
Strategy	DEPARTMENT
,	O
Mr.	O
DiGeronimo	O
was	O
appointed	O
to	O
his	O
current	O
position	O
in	O
January	O
2015	O
having	O
previously	O
been	O
a	O
Senior	TITLE
Vice	TITLE
President	TITLE
,	O
Product	DEPARTMENT
and	DEPARTMENT
Strategy	DEPARTMENT
since	O
March	O
2011	O
and	O
a	O
Vice	TITLE
President	TITLE
of	O
Product	O
Management	O
from	O
2008	O
to	O
2011	O
.	O
Mr.	O
DiGeronimo	O
received	O
a	O
B.B.A.	O
from	O
the	O
Ross	O
School	O
of	O
Business	O
at	O
the	O
University	O
of	O
Michigan	O
...	O
.	O
Richard	PERSON
J.	PERSON
DiGeronimo	PERSON
,	O
Executive	TITLE
Vice	TITLE
President	TITLE
,	O
Product	DEPARTMENT
and	DEPARTMENT
Strategy	DEPARTMENT
,	O
Mr.	O
DiGeronimo	O
was	O
appointed	O
to	O
his	O
current	O
position	O
in	O
January	O
2015	O
having	O
previously	O
been	O
a	O
Senior	TITLE
Vice	TITLE
President	TITLE
,	O
Product	DEPARTMENT
and	DEPARTMENT
Strategy	DEPARTMENT
since	O
March	O
2011	O
and	O
a	O
Vice	TITLE
President	TITLE
of	O
Product	O
Management	O
from	O
2008	O
to	O
2011	O
.	O
Mr.	O
DiGeronimo	O
received	O
a	O
B.B.A.	O
from	O
the	O
Ross	O
School	O
of	O
Business	O
at	O
the	O
University	O
of	O
Michigan	O
...	O
,	O
Richard	PERSON
R.	PERSON
Dykhouse	PERSON
,	O
Executive	TITLE
Vice	TITLE
President	TITLE
,	O
General	TITLE
Counsel	TITLE
and	O
Corporate	O
Secretary	TITLE
,	O
Richard	PERSON
R.	PERSON
Dykhouse	PERSON
,	O
Executive	TITLE
Vice	TITLE
President	TITLE
,	O
General	TITLE
Counsel	TITLE
and	O
Corporate	O
Secretary	TITLE
,	O
Richard	PERSON
R.	PERSON
Dykhouse	PERSON
was	O
promoted	O
to	O
his	O
current	O
position	O
in	O
February	O
2013	O
,	O
having	O
previously	O
been	O
Senior	TITLE
Vice	TITLE
President	TITLE
,	O
General	TITLE
Counsel	TITLE
and	O
Corporate	O
Secretary	TITLE
for	O
Charter	O
since	O
2011	O
.	O
He	O
joined	O
Charter	O
in	O
2006	O
,	O
serving	O
as	O
Vice	TITLE
President	TITLE
,	O
Associate	O
General	TITLE
Counsel	TITLE
and	O
Assistant	O
Secretary	TITLE
,	O
and	O
became	O
Corporate	O
Secretary	TITLE
in	O
2009	O
.	O
Prior	O
to	O
joining	O
Charter	O
,	O
Mr.	O
Dykhouse	O
was	O
Senior	O
Counsel	O
and	O
Assistant	O
Secretary	TITLE
for	O
CNH	O
Global	O
,	O
N.V.	O
,	O
from	O
2004	O
to	O
2006	O
.	O
From	O
1994	O
to	O
2003	O
,	O
he	O
was	O
an	O
attorney	O
...	O
Richard	PERSON
R.	PERSON
Dykhouse	PERSON
,	O
Executive	TITLE
Vice	TITLE
President	TITLE
,	O
General	TITLE
Counsel	TITLE
and	O
Corporate	O
Secretary	TITLE
,	O
Richard	PERSON
R.	PERSON
Dykhouse	PERSON
was	O
promoted	O
to	O
his	O
current	O
position	O
in	O
February	O
2013	O
,	O
having	O
previously	O
been	O
Senior	TITLE
Vice	TITLE
President	TITLE
,	O
General	TITLE
Counsel	TITLE
and	O
Corporate	O
Secretary	TITLE
for	O
Charter	O
since	O
2011	O
.	O
He	O
joined	O
Charter	O
in	O
2006	O
,	O
serving	O
as	O
Vice	TITLE
President	TITLE
,	O
Associate	O
General	TITLE
Counsel	TITLE
and	O
Assistant	O
Secretary	TITLE
,	O
and	O
became	O
Corporate	O
Secretary	TITLE
in	O
2009	O
.	O
Prior	O
to	O
joining	O
Charter	O
,	O
Mr.	O
Dykhouse	O
was	O
Senior	O
Counsel	O
and	O
Assistant	O
Secretary	TITLE
for	O
CNH	O
Global	O
,	O
N.V.	O
,	O
from	O
2004	O
to	O
2006	O
.	O
From	O
1994	O
to	O
2003	O
,	O
he	O
was	O
an	O
attorney	O
...	O
,	O
Jonathan	PERSON
Hargis	PERSON
,	O
Executive	TITLE
Vice	TITLE
President	TITLE
and	O
Chief	TITLE
Marketing	TITLE
Officer	TITLE
,	O
Jonathan	PERSON
Hargis	PERSON
,	O
Executive	TITLE
Vice	TITLE
President	TITLE
and	O
Chief	TITLE
Marketing	TITLE
Officer	TITLE
,	O
Jonathan	PERSON
Hargis	PERSON
joined	O
Charter	O
as	O
Executive	TITLE
Vice	TITLE
President	TITLE
and	O
Chief	TITLE
Marketing	TITLE
Officer	TITLE
,	O
on	O
April	O
9	O
,	O
2012	O
.	O
,	O
Prior	O
to	O
joining	O
Charter	O
,	O
Mr.	O
Hargis	O
was	O
with	O
Cablevision	O
from	O
December	O
2000	O
through	O
March	O
2012	O
,	O
most	O
recently	O
serving	O
as	O
Executive	TITLE
Vice	TITLE
President	TITLE
,	O
Marketing	O
.	O
Prior	O
to	O
Cablevision	O
,	O
Mr.	O
Hargis	O
served	O
in	O
various	O
leadership	O
roles	O
at	O
AT&T.	O
,	O
Mr.	O
Hargis	O
has	O
previously	O
served	O
on	O
the	O
board	O
of	O
the	O
Cable	O
&	O
Telecommunications	O
Association	O
for	O
Marketing	O
-LRB-	O
CTAM	O
-RRB-	O
from	O
Apri	O
...	O
Jonathan	PERSON
Hargis	PERSON
,	O
Executive	TITLE
Vice	TITLE
President	TITLE
and	O
Chief	TITLE
Marketing	TITLE
Officer	TITLE
,	O
Jonathan	PERSON
Hargis	PERSON
joined	O
Charter	O
as	O
Executive	TITLE
Vice	TITLE
President	TITLE
and	O
Chief	TITLE
Marketing	TITLE
Officer	TITLE
on	O
April	O
9	O
,	O
2012	O
.	O
,	O
Prior	O
to	O
joining	O
Charter	O
,	O
Mr.	O
Hargis	O
was	O
with	O
Cablevision	O
from	O
December	O
2000	O
through	O
March	O
2012	O
,	O
most	O
recently	O
serving	O
as	O
Executive	TITLE
Vice	TITLE
President	TITLE
,	O
Marketing	O
.	O
Prior	O
to	O
Cablevision	O
,	O
Mr.	O
Hargis	O
served	O
in	O
various	O
leadership	O
roles	O
at	O
AT&T.	O
,	O
Mr.	O
Hargis	O
has	O
previously	O
served	O
on	O
the	O
board	O
of	O
the	O
Cable	O
&	O
Telecommunications	O
Association	O
for	O
Marketing	O
-LRB-	O
CTAM	O
-RRB-	O
from	O
Apri	O
...	O
,	O
David	PERSON
Kline	PERSON
,	O
Executive	TITLE
Vice	TITLE
President	TITLE
,	O
President	TITLE
of	O
Media	DEPARTMENT
Sales	DEPARTMENT
,	O
David	PERSON
Kline	PERSON
,	O
Executive	TITLE
Vice	TITLE
President	TITLE
,	O
President	TITLE
of	O
Media	DEPARTMENT
Sales	DEPARTMENT
,	O
David	PERSON
Kline	PERSON
joined	O
Charter	O
in	O
October	O
2015	O
as	O
Executive	TITLE
Vice	TITLE
President	TITLE
,	O
President	TITLE
of	O
Media	DEPARTMENT
Sales	DEPARTMENT
,	O
.	O
Before	O
joining	O
Charter	O
,	O
Mr.	O
Kline	O
served	O
as	O
President	TITLE
and	O
Chief	TITLE
Operating	TITLE
Officer	TITLE
of	O
Visible	O
World	O
.	O
Prior	O
to	O
that	O
position	O
he	O
was	O
Chief	TITLE
Operating	TITLE
Officer	TITLE
of	O
Ensequence	O
.	O
Mr.	O
Kline	O
also	O
served	O
as	O
President	TITLE
and	O
Chief	TITLE
Operating	TITLE
Officer	TITLE
of	O
Cablevision	O
Media	DEPARTMENT
Sales	DEPARTMENT
for	O
more	O
than	O
15	O
years	O
,	O
overseeing	O
the	O
company	O
's	O
advertising	O
businesses	O
.	O
Mr.	O
Kline	O
holds	O
a	O
bachelor	O
's	O
degree	O
from	O
The	O
Ohio	O
State	O
Universi	O
...	O
David	PERSON
Kline	PERSON
,	O
Executive	TITLE
Vice	TITLE
President	TITLE
,	O
President	TITLE
of	O
Media	DEPARTMENT
Sales	DEPARTMENT
,	O
David	PERSON
Kline	PERSON
joined	O
Charter	O
in	O
October	O
2015	O
as	O
Executive	TITLE
Vice	TITLE
President	TITLE
,	O
President	TITLE
of	O
Media	DEPARTMENT
Sales	DEPARTMENT
.	O
Before	O
joining	O
Charter	O
,	O
Mr.	O
Kline	O
served	O
as	O
President	TITLE
and	O
Chief	TITLE
Operating	TITLE
Officer	TITLE
of	O
Visible	O
World	O
.	O
Prior	O
to	O
that	O
position	O
he	O
was	O
Chief	TITLE
Operating	TITLE
Officer	TITLE
of	O
Ensequence	O
.	O
Mr.	O
Kline	O
also	O
served	O
as	O
President	TITLE
and	O
Chief	TITLE
Operating	TITLE
Officer	TITLE
of	O
Cablevision	O
Media	DEPARTMENT
Sales	DEPARTMENT
for	O
more	O
than	O
15	O
years	O
,	O
overseeing	O
the	O
company	O
's	O
advertising	O
businesses	O
.	O
Mr.	O
Kline	O
holds	O
a	O
bachelor	O
's	O
degree	O
from	O
The	O
Ohio	O
State	O
Universi	O
...	O
,	O
Paul	PERSON
Marchand	PERSON
,	O
Executive	TITLE
Vice	TITLE
President	TITLE
,	O
Chief	TITLE
Human	TITLE
Resources	TITLE
Officer	TITLE
,	O
Paul	PERSON
Marchand	PERSON
,	O
Executive	TITLE
Vice	TITLE
President	TITLE
,	O
Chief	TITLE
Human	TITLE
Resources	TITLE
Officer	TITLE
,	O
Paul	PERSON
Marchand	PERSON
is	O
Charter	O
's	O
Executive	TITLE
Vice	TITLE
President	TITLE
,	O
Human	O
Resources	O
.	O
Prior	O
to	O
joining	O
Charter	O
in	O
October	O
2015	O
,	O
Mr.	O
Marchand	O
spent	O
nearly	O
12	O
years	O
with	O
PepsiCo	O
,	O
most	O
recently	O
as	O
Senior	TITLE
Vice	TITLE
President	TITLE
of	O
Human	O
Resources	O
for	O
the	O
North	O
America	O
beverage	O
's	O
field	O
and	O
supply	O
chain	O
organization	O
.	O
He	O
previously	O
served	O
in	O
human	O
resources	O
roles	O
at	O
Merrill	O
Lynch	O
,	O
JPMorgan	O
and	O
the	O
May	O
Department	O
Stores	O
Company	O
.	O
Mr.	O
Marchand	O
holds	O
a	O
master	O
's	O
degree	O
in	O
organizational	O
psychology	O
from	O
Columbia	O
University	O
and	O
...	O
Paul	PERSON
Marchand	PERSON
,	O
Executive	TITLE
Vice	TITLE
President	TITLE
,	O
Chief	TITLE
Human	TITLE
Resources	TITLE
Officer	TITLE
,	O
Paul	PERSON
Marchand	PERSON
is	O
Charter	O
's	O
Executive	TITLE
Vice	TITLE
President	TITLE
,	O
Human	O
Resources	O
.	O
Prior	O
to	O
joining	O
Charter	O
in	O
October	O
2015	O
,	O
Mr.	O
Marchand	O
spent	O
nearly	O
12	O
years	O
with	O
PepsiCo	O
,	O
most	O
recently	O
as	O
Senior	TITLE
Vice	TITLE
President	TITLE
of	O
Human	O
Resources	O
for	O
the	O
North	O
America	O
beverage	O
's	O
field	O
and	O
supply	O
chain	O
organization	O
.	O
He	O
previously	O
served	O
in	O
human	O
resources	O
roles	O
at	O
Merrill	O
Lynch	O
,	O
JPMorgan	O
and	O
the	O
May	O
Department	O
Stores	O
Company	O
.	O
Mr.	O
Marchand	O
holds	O
a	O
master	O
's	O
degree	O
in	O
organizational	O
psychology	O
from	O
Columbia	O
University	O
and	O
...	O
,	O
Kathleen	PERSON
Mayo	PERSON
,	O
Executive	TITLE
Vice	TITLE
President	TITLE
,	O
Customer	DEPARTMENT
Operations	DEPARTMENT
,	O
Kathleen	PERSON
Mayo	PERSON
,	O
Executive	TITLE
Vice	TITLE
President	TITLE
,	O
Customer	DEPARTMENT
Operations	DEPARTMENT
,	O
Kathleen	PERSON
Mayo	PERSON
joined	O
Charter	O
as	O
Executive	TITLE
Vice	TITLE
President	TITLE
,	O
Customer	DEPARTMENT
Operations	DEPARTMENT
,	O
on	O
September	O
17	O
,	O
2012	O
.	O
,	O
Prior	O
to	O
joining	O
Charter	O
,	O
Ms.	O
Mayo	O
was	O
with	O
Cablevision	O
for	O
15	O
years	O
,	O
most	O
recently	O
serving	O
as	O
Executive	TITLE
Vice	TITLE
President	TITLE
,	O
Consumer	O
Operations	O
.	O
,	O
Ms.	O
Mayo	O
earned	O
a	O
B.A.	O
at	O
West	O
Chester	O
University	O
and	O
an	O
M.B.A.	O
at	O
Temple	O
University	O
.	O
...	O
Kathleen	PERSON
Mayo	PERSON
,	O
Executive	TITLE
Vice	TITLE
President	TITLE
,	O
Customer	DEPARTMENT
Operations	DEPARTMENT
,	O
Kathleen	PERSON
Mayo	PERSON
joined	O
Charter	O
as	O
Executive	TITLE
Vice	TITLE
President	TITLE
,	O
Customer	DEPARTMENT
Operations	DEPARTMENT
on	O
September	O
17	O
,	O
2012	O
.	O
,	O
Prior	O
to	O
joining	O
Charter	O
,	O
Ms.	O
Mayo	O
was	O
with	O
Cablevision	O
for	O
15	O
years	O
,	O
most	O
recently	O
serving	O
as	O
Executive	TITLE
Vice	TITLE
President	TITLE
,	O
Consumer	O
Operations	O
.	O
,	O
Ms.	O
Mayo	O
earned	O
a	O
B.A.	O
at	O
West	O
Chester	O
University	O
and	O
an	O
M.B.A.	O
at	O
Temple	O
University	O
.	O
...	O
,	O
James	PERSON
Nuzzo	PERSON
,	O
Executive	TITLE
Vice	TITLE
President	TITLE
,	O
Business	DEPARTMENT
Planning	DEPARTMENT
,	O
James	PERSON
Nuzzo	PERSON
,	O
Executive	TITLE
Vice	TITLE
President	TITLE
,	O
Business	DEPARTMENT
Planning	DEPARTMENT
,	O
James	PERSON
Nuzzo	PERSON
joined	O
Charter	O
as	O
Executive	TITLE
Vice	TITLE
President	TITLE
,	O
Business	DEPARTMENT
Planning	DEPARTMENT
,	O
on	O
June	O
23	O
,	O
2014	O
.	O
Mr.	O
Nuzzo	O
was	O
previously	O
at	O
Cablevision	O
Systems	O
Corporation	O
from	O
1986	O
to	O
December	O
,	O
2013	O
most	O
recently	O
serving	O
as	O
Senior	TITLE
Executive	TITLE
Vice	TITLE
President	TITLE
,	O
Operations	O
and	O
Business	DEPARTMENT
Planning	DEPARTMENT
.	O
Mr.	O
Nuzzo	O
received	O
a	O
Bachelor	O
's	O
degree	O
in	O
Business	O
Administration	O
from	O
Hofstra	O
University	O
in	O
1983	O
...	O
.	O
James	PERSON
Nuzzo	PERSON
,	O
Executive	TITLE
Vice	TITLE
President	TITLE
,	O
Business	DEPARTMENT
Planning	DEPARTMENT
,	O
James	PERSON
Nuzzo	PERSON
joined	O
Charter	O
as	O
Executive	TITLE
Vice	TITLE
President	TITLE
,	O
Business	DEPARTMENT
Planning	DEPARTMENT
on	O
June	O
23	O
,	O
2014	O
.	O
Mr.	O
Nuzzo	O
was	O
previously	O
at	O
Cablevision	O
Systems	O
Corporation	O
from	O
1986	O
to	O
December	O
,	O
2013	O
most	O
recently	O
serving	O
as	O
Senior	TITLE
Executive	TITLE
Vice	TITLE
President	TITLE
,	O
Operations	O
and	O
Business	DEPARTMENT
Planning	DEPARTMENT
.	O
Mr.	O
Nuzzo	O
received	O
a	O
Bachelor	O
's	O
degree	O
in	O
Business	O
Administration	O
from	O
Hofstra	O
University	O
in	O
1983	O
...	O
,	O
Scott	PERSON
Weber	PERSON
,	O
Executive	TITLE
Vice	TITLE
President	TITLE
,	O
Network	DEPARTMENT
Operations	DEPARTMENT
,	O
Scott	PERSON
Weber	PERSON
,	O
Executive	TITLE
Vice	TITLE
President	TITLE
,	O
Network	DEPARTMENT
Operations	DEPARTMENT
,	O
Scott	PERSON
Weber	PERSON
joined	O
Charter	O
as	O
Executive	TITLE
Vice	TITLE
President	TITLE
,	O
Network	DEPARTMENT
Operations	DEPARTMENT
,	O
on	O
June	O
18	O
,	O
2012.	O
,	O
Prior	O
to	O
joining	O
Charter	O
,	O
Mr.	O
Weber	O
served	O
as	O
Executive	TITLE
Vice	TITLE
President	TITLE
,	O
Network	O
Management	O
for	O
Cablevision	O
from	O
January	O
2007	O
through	O
January	O
2012	O
.	O
From	O
1986	O
through	O
January	O
2007	O
,	O
Mr.	O
Weber	O
led	O
technical	O
operations	O
,	O
engineering	O
operations	O
and	O
network	O
management	O
in	O
various	O
roles	O
at	O
Comcast	O
Corporation.	O
,	O
Mr.	O
Weber	O
is	O
a	O
member	O
of	O
Society	O
of	O
Cable	O
Telecommunications	O
Engineers	O
-LRB-	O
...	O
Scott	PERSON
Weber	PERSON
,	O
Executive	TITLE
Vice	TITLE
President	TITLE
,	O
Network	DEPARTMENT
Operations	DEPARTMENT
,	O
Scott	PERSON
Weber	PERSON
joined	O
Charter	O
as	O
Executive	TITLE
Vice	TITLE
President	TITLE
,	O
Network	DEPARTMENT
Operations	DEPARTMENT
on	O
June	O
18	O
,	O
2012.	O
,	O
Prior	O
to	O
joining	O
Charter	O
,	O
Mr.	O
Weber	O
served	O
as	O
Executive	TITLE
Vice	TITLE
President	TITLE
,	O
Network	O
Management	O
for	O
Cablevision	O
from	O
January	O
2007	O
through	O
January	O
2012	O
.	O
From	O
1986	O
through	O
January	O
2007	O
,	O
Mr.	O
Weber	O
led	O
technical	O
operations	O
,	O
engineering	O
operations	O
and	O
network	O
management	O
in	O
various	O
roles	O
at	O
Comcast	O
Corporation.	O
,	O
Mr.	O
Weber	O
is	O
a	O
member	O
of	O
Society	O
of	O
Cable	O
Telecommunications	O
Engineers	O
-LRB-	O
...	O
,	O
Christopher	PERSON
L.	PERSON
Winfrey	PERSON
,	O
Executive	TITLE
Vice	TITLE
President	TITLE
and	O
Chief	TITLE
Financial	TITLE
Officer	TITLE
,	O
Christopher	PERSON
L.	PERSON
Winfrey	PERSON
,	O
Executive	TITLE
Vice	TITLE
President	TITLE
and	O
Chief	TITLE
Financial	TITLE
Officer	TITLE
,	O
Christopher	PERSON
L.	PERSON
Winfrey	PERSON
joined	O
Charter	O
as	O
Executive	TITLE
Vice	TITLE
President	TITLE
and	O
Chief	TITLE
Financial	TITLE
Officer	TITLE
,	O
on	O
November	O
1	O
,	O
2010	O
.	O
,	O
Prior	O
to	O
joining	O
Charter	O
,	O
Mr.	O
Winfrey	O
served	O
as	O
Chief	TITLE
Financial	TITLE
Officer	TITLE
and	O
Managing	O
Director	O
of	O
Unitymedia	O
GmbH	O
from	O
March	O
2006	O
through	O
October	O
2010	O
.	O
Mr.	O
Winfrey	O
was	O
also	O
appointed	O
Managing	O
Director	O
of	O
Unitymedia	O
Management	O
GmbH	O
,	O
Unitymedia	O
Hessen	O
Verwaltung	O
GmbH	O
and	O
Unitymedia	O
NRW	O
GmbH	O
in	O
March	O
2006	O
and	O
Arena	O
Sport	O
Rechte	O
und	O
Marketing	O
GmbH	O
in	O
April	O
2008	O
.	O
Fr	O
...	O
Christopher	PERSON
L.	PERSON
Winfrey	PERSON
,	O
Executive	TITLE
Vice	TITLE
President	TITLE
and	O
Chief	TITLE
Financial	TITLE
Officer	TITLE
,	O
Christopher	PERSON
L.	PERSON
Winfrey	PERSON
joined	O
Charter	O
as	O
Executive	TITLE
Vice	TITLE
President	TITLE
and	O
Chief	TITLE
Financial	TITLE
Officer	TITLE
on	O
November	O
1	O
,	O
2010	O
.	O
,	O
Prior	O
to	O
joining	O
Charter	O
,	O
Mr.	O
Winfrey	O
served	O
as	O
Chief	TITLE
Financial	TITLE
Officer	TITLE
and	O
Managing	O
Director	O
of	O
Unitymedia	O
GmbH	O
from	O
March	O
2006	O
through	O
October	O
2010	O
.	O
Mr.	O
Winfrey	O
was	O
also	O
appointed	O
Managing	O
Director	O
of	O
Unitymedia	O
Management	O
GmbH	O
,	O
Unitymedia	O
Hessen	O
Verwaltung	O
GmbH	O
and	O
Unitymedia	O
NRW	O
GmbH	O
in	O
March	O
2006	O
and	O
Arena	O
Sport	O
Rechte	O
und	O
Marketing	O
GmbH	O
in	O
April	O
2008	O
.	O
Fr	O
...	O
,	O
Kevin	PERSON
D.	PERSON
Howard	PERSON
,	O
Senior	TITLE
Vice	TITLE
President	TITLE
-	O
Finance	O
,	O
Controller	O
and	O
Chief	TITLE
Accounting	TITLE
Officer	TITLE
,	O
Kevin	PERSON
D.	PERSON
Howard	PERSON
,	O
Senior	TITLE
Vice	TITLE
President	TITLE
-	O
Finance	O
,	O
Controller	O
and	O
Chief	TITLE
Accounting	TITLE
Officer	TITLE
,	O
Kevin	PERSON
D.	PERSON
Howard	PERSON
has	O
served	O
in	O
his	O
position	O
as	O
Senior	TITLE
Vice	TITLE
President	TITLE
--	O
Finance	O
,	O
Controller	O
and	O
Chief	TITLE
Accounting	TITLE
Officer	TITLE
since	O
December	O
2009	O
.	O
From	O
August	O
1	O
,	O
2010	O
through	O
October	O
31	O
,	O
2010	O
,	O
Mr.	O
Howard	O
served	O
as	O
Charter	O
's	O
Interim	O
Chief	TITLE
Financial	TITLE
Officer	TITLE
.	O
From	O
April	O
2006	O
to	O
December	O
2009	O
,	O
Mr.	O
Howard	O
served	O
as	O
Vice	TITLE
President	TITLE
,	O
Controller	O
and	O
Chief	TITLE
Accounting	TITLE
Officer	TITLE
.	O
Prior	O
to	O
that	O
,	O
he	O
served	O
as	O
Vice	TITLE
President	TITLE
of	O
Finance	O
from	O
April	O
2003	O
until	O
April	O
2006	O
and	O
as	O
Director	O
of	O
Financial	O
Reporting	O
sin	O
...	O
http://ir.charter.com/phoenix.zhtml?c=112298&p=irol-govmanage	O
