Todd	PERSON
Vasos	PERSON
Chief	TITLE
Executive	TITLE
Officer	TITLE
Chief	TITLE
Executive	TITLE
Officer	TITLE
Executive	TITLE
Vice	TITLE
President	TITLE
Chief	TITLE
Merchandising	TITLE
Officer	TITLE
Executive	TITLE
Vice	TITLE
President	TITLE
Senior	TITLE
Vice	TITLE
President	TITLE
Chief	TITLE
Merchandising	TITLE
Officer	TITLE
John	PERSON
W.	PERSON
Garratt	PERSON
Chief	TITLE
Financial	TITLE
Officer	TITLE
Executive	TITLE
Vice	TITLE
President	TITLE
Chief	TITLE
Financial	TITLE
Officer	TITLE
Senior	TITLE
Vice	TITLE
President	TITLE
Chief	TITLE
Financial	TITLE
Officer	TITLE
Chief	TITLE
Financial	TITLE
Officer	TITLE
Jim	PERSON
Thorpe	PERSON
Executive	TITLE
Vice	TITLE
President	TITLE
Chief	TITLE
Merchandising	TITLE
Officer	TITLE
Executive	TITLE
Vice	TITLE
President	TITLE
Chief	TITLE
Merchandising	TITLE
Officer	TITLE
Senior	TITLE
Vice	TITLE
President	TITLE
Jeff	PERSON
Owen	PERSON
Executive	TITLE
Vice	TITLE
President	TITLE
Executive	TITLE
Vice	TITLE
President	TITLE
Senior	TITLE
Vice	TITLE
President	TITLE
Executive	TITLE
Vice	TITLE
President	TITLE
Chief	TITLE
People	TITLE
Officer	TITLE
Senior	TITLE
Vice	TITLE
President	TITLE
Chief	TITLE
People	TITLE
Officer	TITLE
Executive	TITLE
Vice	TITLE
President	TITLE
Senior	TITLE
Vice	TITLE
President	TITLE
Senior	TITLE
Vice	TITLE
President	TITLE
Rhonda	PERSON
Taylor	PERSON
Executive	TITLE
Vice	TITLE
President	TITLE
General	TITLE
Counsel	TITLE
Executive	TITLE
Vice	TITLE
President	TITLE
General	TITLE
Counsel	TITLE
General	TITLE
Counsel	TITLE
General	TITLE
Counsel	TITLE
Senior	TITLE
Vice	TITLE
President	TITLE
General	TITLE
Counsel	TITLE
Mike	PERSON
Kindy	PERSON
Senior	TITLE
Vice	TITLE
President	TITLE
Senior	TITLE
Vice	TITLE
President	TITLE
Anita	PERSON
Elliott	PERSON
Senior	TITLE
Vice	TITLE
President	TITLE
Senior	TITLE
Vice	TITLE
President	TITLE
Senior	TITLE
Vice	TITLE
President	TITLE
