William	PERSON
P.	PERSON
Foley	PERSON
Chairman	TITLE
of	TITLE
the	TITLE
Board	TITLE
Chairman	TITLE
of	TITLE
the	TITLE
Board	TITLE
Raymond	PERSON
R.	PERSON
Quirk	PERSON
Chief	TITLE
Executive	TITLE
Officer	TITLE
Chief	TITLE
Executive	TITLE
Officer	TITLE
Mike	PERSON
Nolan	PERSON
President	TITLE
Mike	PERSON
Nolan	PERSON
President	TITLE
Brent	PERSON
B.	PERSON
Bickett	PERSON
Executive	TITLE
Vice	TITLE
President	TITLE
Brent	PERSON
B.	PERSON
Bickett	PERSON
Executive	TITLE
Vice	TITLE
President	TITLE
Anthony	PERSON
J.	PERSON
Park	PERSON
Chief	TITLE
Financial	TITLE
Officer	TITLE
Chief	TITLE
Financial	TITLE
Officer	TITLE
Daniel	PERSON
Kennedy	PERSON
Murphy	PERSON
Senior	TITLE
Vice	TITLE
President	TITLE
Treasurer	TITLE
Daniel	PERSON
Kennedy	PERSON
Murphy	PERSON
Senior	TITLE
Vice	TITLE
President	TITLE
Treasurer	TITLE
Peter	PERSON
T.	PERSON
Sadowski	PERSON
Executive	TITLE
Vice	TITLE
President	TITLE
Chief	TITLE
Legal	TITLE
Officer	TITLE
Peter	PERSON
T.	PERSON
Sadowski	PERSON
Executive	TITLE
Vice	TITLE
President	TITLE
Chief	TITLE
Legal	TITLE
Officer	TITLE
Chief	TITLE
Legal	TITLE
Officer	TITLE
Executive	TITLE
Vice	TITLE
President	TITLE
General	TITLE
Counsel	TITLE
&	TITLE
Corporate	TITLE
Secretary	TITLE
Executive	TITLE
Vice	TITLE
President	TITLE
General	TITLE
Counsel	TITLE
Roger	PERSON
Jewkes	PERSON
Co-Chief	TITLE
Operating	TITLE
Officer	TITLE
President	TITLE
Roger	PERSON
Jewkes	PERSON
Co-Chief	TITLE
Operating	TITLE
Officer	TITLE
President	TITLE
Roger	PERSON
Jewkes	PERSON
Co-Chief	TITLE
Operating	TITLE
Officer	TITLE
President	TITLE
Erika	PERSON
Meinhardt	PERSON
President	TITLE
Erika	PERSON
Meinhardt	PERSON
President	TITLE
Joe	PERSON
Reinhardt	PERSON
Executive	TITLE
Vice	TITLE
President	TITLE
General	TITLE
Counsel	TITLE
Joe	PERSON
Reinhardt	PERSON
Executive	TITLE
Vice	TITLE
President	TITLE
Gary	PERSON
R.	PERSON
Urquhart	PERSON
Executive	TITLE
Vice	TITLE
President	TITLE
General	TITLE
Counsel	TITLE
Executive	TITLE
Vice	TITLE
President	TITLE
General	TITLE
Counsel	TITLE
Donald	PERSON
Cole	PERSON
Senior	TITLE
Vice	TITLE
President	TITLE
Chief	TITLE
Corporate	TITLE
Underwriter	TITLE
Donald	PERSON
Cole	PERSON
Senior	TITLE
Vice	TITLE
President	TITLE
Chief	TITLE
Corporate	TITLE
Underwriter	TITLE
