Marillyn	PERSON
A.	PERSON
Hewson	PERSON
Bruce	PERSON
L.	PERSON
Tanner	PERSON
Richard	PERSON
F.	PERSON
Ambrose	PERSON
Sondra	PERSON
L.	PERSON
Barbour	PERSON
Dale	PERSON
P.	PERSON
Bennett	PERSON
Orlando	PERSON
P.	PERSON
Carvalho	PERSON
Richard	PERSON
H.	PERSON
Edwards	PERSON
Marillyn	PERSON
A.	PERSON
Hewson	PERSON
Bruce	PERSON
L.	PERSON
Tanner	PERSON
Richard	PERSON
F.	PERSON
Ambrose	PERSON
Sondra	PERSON
L.	PERSON
Barbour	PERSON
Dale	PERSON
P.	PERSON
Bennett	PERSON
Orlando	PERSON
P.	PERSON
Carvalho	PERSON
Richard	PERSON
H.	PERSON
Edwards	PERSON
Marillyn	PERSON
A.	PERSON
Hewson	PERSON
Marillyn	PERSON
A.	PERSON
Hewson	PERSON
Chairman	TITLE
President	TITLE
CEO	TITLE
Bruce	PERSON
L.	PERSON
Tanner	PERSON
Bruce	PERSON
L.	PERSON
Tanner	PERSON
Executive	TITLE
Vice	TITLE
President	TITLE
Chief	TITLE
Financial	TITLE
Officer	TITLE
Richard	PERSON
F.	PERSON
Ambrose	PERSON
Richard	PERSON
F.	PERSON
Ambrose	PERSON
Executive	TITLE
Vice	TITLE
President	TITLE
Sondra	PERSON
L.	PERSON
Barbour	PERSON
Sondra	PERSON
L.	PERSON
Barbour	PERSON
Executive	TITLE
Vice	TITLE
President	TITLE
Dale	PERSON
P.	PERSON
Bennett	PERSON
Dale	PERSON
P.	PERSON
Bennett	PERSON
Executive	TITLE
Vice	TITLE
President	TITLE
Orlando	PERSON
P.	PERSON
Carvalho	PERSON
Orlando	PERSON
P.	PERSON
Carvalho	PERSON
Executive	TITLE
Vice	TITLE
President	TITLE
Richard	PERSON
H.	PERSON
Edwards	PERSON
Richard	PERSON
H.	PERSON
Edwards	PERSON
Executive	TITLE
Vice	TITLE
President	TITLE
